class,rank,n_train,group
fried_rice,0,750,head
dumplings,1,738,head
macarons,2,726,head
breakfast_burrito,3,715,head
nachos,4,703,head
deviled_eggs,5,692,head
baby_back_ribs,6,681,head
poutine,7,670,head
ceviche,8,659,head
prime_rib,9,649,head
panna_cotta,10,639,head
bruschetta,11,628,head
waffles,12,618,head
french_toast,13,608,head
hot_dog,14,599,head
french_onion_soup,15,589,head
grilled_cheese_sandwich,16,580,head
sushi,17,570,head
peking_duck,18,561,head
huevos_rancheros,19,552,head
ice_cream,20,544,head
bread_pudding,21,535,head
chocolate_cake,22,526,head
edamame,23,518,head
pulled_pork_sandwich,24,510,head
mussels,25,502,head
gyoza,26,494,head
risotto,27,486,head
crab_cakes,28,478,head
pad_thai,29,470,head
grilled_salmon,30,463,head
steak,31,455,head
greek_salad,32,448,head
lobster_bisque,33,441,head
filet_mignon,34,434,head
gnocchi,35,427,head
frozen_yogurt,36,420,head
tuna_tartare,37,413,head
seaweed_salad,38,407,head
spaghetti_carbonara,39,400,head
cannoli,40,394,head
falafel,41,388,head
churros,42,381,head
foie_gras,43,375,head
french_fries,44,369,tail
chicken_curry,45,364,tail
omelette,46,358,tail
macaroni_and_cheese,47,352,tail
lobster_roll_sandwich,48,346,tail
bibimbap,49,341,tail
eggs_benedict,50,335,tail
ravioli,51,330,tail
garlic_bread,52,325,tail
baklava,53,320,tail
guacamole,54,314,tail
cheese_plate,55,309,tail
fish_and_chips,56,305,tail
lasagna,57,300,tail
pizza,58,295,tail
chocolate_mousse,59,290,tail
beignets,60,286,tail
clam_chowder,61,281,tail
beet_salad,62,277,tail
spring_rolls,63,272,tail
onion_rings,64,268,tail
red_velvet_cake,65,263,tail
chicken_quesadilla,66,259,tail
pancakes,67,255,tail
fried_calamari,68,251,tail
scallops,69,247,tail
chicken_wings,70,243,tail
apple_pie,71,239,tail
tacos,72,235,tail
hummus,73,232,tail
takoyaki,74,228,tail
hamburger,75,224,tail
spaghetti_bolognese,76,221,tail
club_sandwich,77,217,tail
paella,78,214,tail
samosa,79,210,tail
pork_chop,80,207,tail
miso_soup,81,204,tail
cup_cakes,82,200,tail
creme_brulee,83,197,tail
shrimp_and_grits,84,194,tail
tiramisu,85,191,tail
beef_tartare,86,188,tail
hot_and_sour_soup,87,185,tail
pho,88,182,tail
caesar_salad,89,179,tail
oysters,90,176,tail
sashimi,91,173,tail
caprese_salad,92,171,tail
cheesecake,93,168,tail
croque_madame,94,165,tail
donuts,95,163,tail
escargots,96,160,tail
strawberry_shortcake,97,157,tail
beef_carpaccio,98,155,tail
carrot_cake,99,152,tail
ramen,100,150,tail
